Method,MAE (all),RMSE,% within 5%,MAE ATM,MAE OTM,Speed ms/opt,Best Use
Black-Scholes,0.9058110916167854,1.4441862515820205,49.0,0.3789556159548181,0.01925107301512593,0.009559174359310418,Fast European baseline
CRR Binomial N=200,0.9052653236591998,1.4431392363697286,47.5,0.3792500166371678,0.0198245243904837,13.553872734773904,American / early-exercise
Monte Carlo 100k,0.9038220834167564,1.4458528087440832,50.5,0.3808098176291616,0.019893821447808078,1.2255519088648725,Exotic / path-dependent
LSTM-BS Hybrid,1.0476650469995052,1.4902402488493875,41.0,1.2546842265439038,0.041288173625053944,0.00937956545385532,Time-series vol forecasting
MLP Pricer,6.6577066103541735,7.3105841228173185,12.5,10.925545278777319,5.121409015414446,0.4860912499134429,Ultra-fast batch pricing
VAE-IV → BS,2.4755142746964447,3.1479241283164607,25.5,4.298763864003345,0.9144280127571716,0.03470040639513172,IV surface interpolation
Heston MC,1.0402,1.5781,38.5,0.4550,0.1459,18.21,Stochastic vol / smile-consistent
